type,name,cid,thumbnail
s,Amber Liu,UCD-aVzvsQsFizfMSuUSN9cA,https://yt3.ggpht.com/a-/AN66SAw6ZuDVHXTToeTtl2Wqv2NzpbdXiJWSQDXkjQ=s800-mo-c-c0xffffffff-rj-k-no
s,Mochipeach,UCOiM8FuCUFJkuUjCmB14rgg,https://yt3.ggpht.com/a-/AN66SAzWGcCdFEADLZiSN5e2n83EMlSsXDBlJ6QzAQ=s800-mo-c-c0xffffffff-rj-k-no
s,엔조이커플enjoycouple,UCj-durTg1W7uWsB8oq0u7kA,https://yt3.ggpht.com/a-/AN66SAwWlvdg5CqiIhJ7B_8gFhT6GTMk-NS8OCl0iQ=s800-mo-c-c0xffffffff-rj-k-no
s,유병재,UCHw9p667e9l0qoYfY8calaA,https://yt3.ggpht.com/a-/AN66SAx5zspvaM4oDuRop6vewt0kosFAzhLTXzSV=s800-mo-c-c0xffffffff-rj-k-no
s,얼간김준호,UCaNjlqZlLDpFqJVVO-0U2KA,https://yt3.ggpht.com/a-/AN66SAyyKfyNtq7SJPJUG32BTJMl9VHUlP1s0chvtA=s800-mo-c-c0xffffffff-rj-k-no
s,강유미 yumi kang좋아서 하는 채널,UCPZ4e8BQEM-BlepSeZUESSw,https://yt3.ggpht.com/a-/AN66SAzQ9aYX7d2d9G_w9NeZpmy60cfbl3UOUxOSaA=s800-mo-c-c0xffffffff-rj-k-no
s,쌈바홍,UCnXuSso6ypX2NVrl8_2TwfQ,https://yt3.ggpht.com/a-/AN66SAw3Oh1Slo7bXXgL6I0Zd72iVy_tXo3OGAUwpw=s800-mo-c-c0xffffffff-rj-k-no
s,1등 미디어,UCkG-Bpd44jV22xkAhzo0n9g,https://yt3.ggpht.com/a-/AN66SAxBBddFU545_4LPCGjB3W4xrIqtEXYwpNDF4w=s800-mo-c-c0xffffffff-rj-k-no
s,이지금 [IU Official],UC3SyT4_WLHzN7JmHQwKQZww,https://yt3.ggpht.com/a-/AN66SAzlGvINY2NelZnc-6SnN5fDsanlAUxpTI9fWw=s800-mo-c-c0xffffffff-rj-k-no
s,흔한남매,UCU8uafr_iROxRVI6c23Q_bA,https://yt3.ggpht.com/a-/AN66SAwWeRrEPto6gyTd7IwVxlAYGHW-YakhYvqfgA=s800-mo-c-c0xffffffff-rj-k-no
s,국주이,UCEBNRLMrhuE9oTmzpS5umiA,https://yt3.ggpht.com/a-/AN66SAw29N6GRhgpilDKyO9GaqFhldEx6UWbed7ERQ=s800-mo-c-c0xffffffff-rj-k-no
s,사랑아놀자(Let's Play SARANG),UCSmKpwGictx2FI3kUIGFV6A,https://yt3.ggpht.com/a-/AN66SAyeopLOIyvxOkhNk4dsOdrkH_4HEeKdXlTuqg=s800-mo-c-c0xffffffff-rj-k-no
s,HYOLYN OFFICIAL,UCNJofNT5w33_mycys970x8g,https://yt3.ggpht.com/a-/AN66SAz6pihgsdKRhJxBs_GoSTrDfQqNRnheOoPwGg=s800-mo-c-c0xffffffff-rj-k-no
s,수줍은 먹방,UC_S4C51xOcE7ooD48jZeCKQ,https://yt3.ggpht.com/a-/AN66SAw3vUP8Ld4edstLVvVf3jmwuu8eY8U7rdqCvg=s800-mo-c-c0xffffffff-rj-k-no
s,뽐뽐뽐,UCzpOLMBZ6qxhb6GJ5eksq5A,https://yt3.ggpht.com/a-/AN66SAxLtByVu0jwx3ElWfp8LNTfARQ_TJz-X1EhYg=s800-mo-c-c0xffffffff-rj-k-no
s,Luna's Alphabet루나의 알파벳,UC06v2Mqte9cfn-3SMwpvFUA,https://yt3.ggpht.com/a-/AN66SAz7_poKKZ4APJVgpv2Bu-wMJxjgnE5-7uO2xw=s800-mo-c-c0xffffffff-rj-k-no
s,오예커플 스토리 O.Y COUPLE,UCbDeLCyqxaZnLZDYpd5rnrA,https://yt3.ggpht.com/a-/AN66SAwrqntIrpGa2Lvg1bsdVhX1qKnExjl2P1e4eA=s800-mo-c-c0xffffffff-rj-k-no
s,POV,UCPtear1tL9P1gpnEDSgF05w,https://yt3.ggpht.com/a-/AN66SAxBn3q2qSIX_UYorhK3T-D7YOtlJJLplqslKQ=s800-mo-c-c0xffffffff-rj-k-no
s,홍윤화 김민기 꽁냥꽁냥,UCfdYUREZlc8p5p2hXX8YD7Q,https://yt3.ggpht.com/a-/AN66SAxCTtQL70hB_UqTSM6etoT18Hv8VMWqvjKkWQ=s800-mo-c-c0xffffffff-rj-k-no
s,Kimkisoo,UCmsRD5l54nq9pox_3B7KhCg,https://yt3.ggpht.com/a-/AN66SAzoYayCUdlOhjf9jDcGHr2CFlIArX5WvEm1Sg=s800-mo-c-c0xffffffff-rj-k-no
s,더빙신안윤상,UCHkaQ4y4j3zrB0FfTU1Lc9w,https://yt3.ggpht.com/a-/AN66SAzH0SNL4U7uZwG0V7AduXtPEJniIv8F8jT0oQ=s800-mo-c-c0xffffffff-rj-k-no
s,EunJi Park,UCVNM-q28WEke8RO2HarFYTQ,https://yt3.ggpht.com/a-/AN66SAzDNqDv12HurHcOyYygBMo3USwJ3MEok-EMrg=s800-mo-c-c0xffffffff-rj-k-no
s,이상훈TV,UCY-d9-BjGZtnETUVdWqOt4Q,https://yt3.ggpht.com/a-/AN66SAygxS66Fki9fToM170984jGdWTv4d3YIfG0eA=s800-mo-c-c0xffffffff-rj-k-no
s,김기열,UCf8xJL-CznwfW7W2LO3y_EQ,https://yt3.ggpht.com/a-/AN66SAztOhrshd1sIuinxwfYHJ9OkIvDyKPZlxhndw=s800-mo-c-c0xffffffff-rj-k-no
s,San E,UCrhgVHA_uAiT9BoGV9qRKvg,https://yt3.ggpht.com/a-/AN66SAxOg_dI91ccOE7PXhM1-OIUUSl1U3sQby1N0g=s800-mo-c-c0xffffffff-rj-k-no
s,데프콘TV,UCb4bVA5kBfTsZCLaN9iJqjQ,https://yt3.ggpht.com/a-/AN66SAzSDxMFyyDeVuMJ8oK645oByCxiVb0ToZ6Jmw=s800-mo-c-c0xffffffff-rj-k-no
s,유상무TV,UCmMipnxqC5rcx0nxQPGrajg,https://yt3.ggpht.com/a-/AN66SAy4LkKcb56QfaArx2CUfXbSdC8uVp02yKpLLg=s800-mo-c-c0xffffffff-rj-k-no
s,KASPER,UCXgxKu4Gxd3bJIVQMs75xoA,https://yt3.ggpht.com/a-/AN66SAw8LjO9IDpgFP13N74A_MN6pa_4wuOybLKnUQ=s800-mo-c-c0xffffffff-rj-k-no
s,장범준 Official,UCjwCsj-axFNcxnv3yzV22WQ,https://yt3.ggpht.com/a-/AN66SAzUcftXKHkppdAw6vQRBtNvJkul47D1CKRr2Q=s800-mo-c-c0xffffffff-rj-k-no
s,KCM,UCeDl5stGwfxJxDKgMdZWbgQ,https://yt3.ggpht.com/a-/AN66SAx0OHSOZXoqgRwhXtD5fGfhcpy6A25_wds2XA=s800-mo-c-c0xffffffff-rj-k-no
s,개그맨유민상,UCvbU93Zy1sNB-ToLYSbwWNQ,https://yt3.ggpht.com/a-/AN66SAwBAwudi1ihaELWKfi8Lz-JrpxMneoSQbf1mw=s800-mo-c-c0xffffffff-rj-k-no
s,쌍둥이TV,UCZeL263-H91qG3koJtf22og,https://yt3.ggpht.com/a-/AN66SAxmIxXSqbHxDkDDGQ_4-f9ISxqdymrhBMmo0w=s800-mo-c-c0xffffffff-rj-k-no
s,주간이상준,UCyH1TrcPQnJJmGco7JYdvAQ,https://yt3.ggpht.com/a-/AN66SAxTWPMWriIuVgbnP7qCsZ7PoY5elZtjg94Luw=s800-mo-c-c0xffffffff-rj-k-no
s,예스리아 YESRIA,UCHqkva52rIYNgXqSPOk60cQ,https://yt3.ggpht.com/a-/AN66SAz8VNu1o-ZRetTP2z3Nqi9-ZuOS6gBbrOQJzA=s800-mo-c-c0xffffffff-rj-k-no
s,강은비,UCgg1m6e-85gG1zBOHWh7yFA,https://yt3.ggpht.com/a-/AN66SAz1MIj1nSSY8oiamwEgFw71TXx2SwDVoEmweQ=s800-mo-c-c0xffffffff-rj-k-no
s,백봉기의 핫봉타임,UCw7yRqEtg39mNy2EfJCz7mg,https://yt3.ggpht.com/a-/AN66SAwwXmtmfiewG0Vr00beTQpRxNKfNHgnHK96LA=s800-mo-c-c0xffffffff-rj-k-no
s,켠왕구,UCgOPhcl-vuyG0pD2hgiHGlA,https://yt3.ggpht.com/a-/AN66SAzZKaUMQAk6KgQkf2ZHm1TvURzVmKOvFZHgcQ=s800-mo-c-c0xffffffff-rj-k-no
s,옹테레비,UCumMwsr4lFxViBFyzmYug2g,https://yt3.ggpht.com/a-/AN66SAxPTvqfPwiaCew4d4PLFNm1MoficKVd_zL8lQ=s800-mo-c-c0xffffffff-rj-k-no
s,민경장군,UCuLHDMXUqV5JR8Qv-FpwF8g,https://yt3.ggpht.com/a-/AN66SAwbXiIU1lnEIsWMjPYwUMILGjaNnqgDzbCGjQ=s800-mo-c-c0xffffffff-rj-k-no
s,병만TV,UCzmjQE25yXX4S2B6S5oCGLg,https://yt3.ggpht.com/a-/AN66SAzft68AGywURJmXfof54_9ttx5-uxJxuQjLyA=s800-mo-c-c0xffffffff-rj-k-no
s,이수근 채널,UCxPtZG-Ou0v1hsUzXXu2Jsg,https://yt3.ggpht.com/a-/AN66SAxFhaRG9HDaMIYv3GJBflCS_jf77542KkVQdQ=s800-mo-c-c0xffffffff-rj-k-no
s,라라Lara,UCOhZ8uxaQjpb5fXlRoUEUfQ,https://yt3.ggpht.com/a-/AN66SAymJbYcS8mwVjdfA67FkYlCw9lRW49HGwY0ZA=s800-mo-c-c0xffffffff-rj-k-no
s,재관둥이,UCXttFLujQG4SKZKi1pT3rnQ,https://yt3.ggpht.com/a-/AN66SAyVyllJRYyZ86FbsawM2y_wsU91YkEb6TyHRw=s800-mo-c-c0xffffffff-rj-k-no
s,하이엘린 [hiellin],UC1hfB2wB4uU23FgaUtZpYeg,https://yt3.ggpht.com/a-/AN66SAzdGM3RK5yNqhNJIhDvFZvw1s5mPIxfazX5Lw=s800-mo-c-c0xffffffff-rj-k-no
s,10cm_ official,UCRmShE13u8THvf_ptRVktRg,https://yt3.ggpht.com/a-/AN66SAyGuboapmXnDx6zmEwvKzmz4yRW8p9P4hw05w=s800-mo-c-c0xffffffff-rj-k-no
s,LIUstudio 리우,UCTeRKMWHccQeaSU6xpM9mmw,https://yt3.ggpht.com/a-/AN66SAz0cL1m3h89-wEKMBbCQSEF-8ZMyljsDLMOpA=s800-mo-c-c0xffffffff-rj-k-no
s,안나TV,UCwzI2sxuuGkvs5NdUxb2fVw,https://yt3.ggpht.com/a-/AN66SAxHe4_EVdVAAS2vhBnnc9FpWbs__qZokgCSfw=s800-mo-c-c0xffffffff-rj-k-no
s,이혁TV,UCe6JXYfF32l8H_4k6f-NKeQ,https://yt3.ggpht.com/a-/AN66SAz2tUvAr2GOeniZ9x5EeTx7sRrljRVK1oFt9g=s800-mo-c-c0xffffffff-rj-k-no
s,임한별,UCraWp23RO7wBq5S2Yifhz5w,https://yt3.ggpht.com/a-/AN66SAwi2VE4hRpgDigqYWR_KFhPwY751eGT5FBHdg=s800-mo-c-c0xffffffff-rj-k-no
s,Tiffany Young,UCSskZ5Xy7KIqauRYG_s-rLQ,https://yt3.ggpht.com/a-/AN66SAwnoMKraOaQe4MFBHyneU8JWOUs6vNe2iuqig=s800-mo-c-c0xffffffff-rj-k-no
s,JaeSix,UCrOUYIN9rbYaWFs68vAtaZA,https://yt3.ggpht.com/a-/AN66SAyxPYhUdtpnmS4u7rjdCLXVIuJxHsydhD5gRA=s800-mo-c-c0xffffffff-rj-k-no
s,와썹맨-Wassup Man,UCYgUhR7EGKauFXgJS0pckGg,https://yt3.ggpht.com/a-/AN66SAx6Dxjzkj2PO7pPlIMvIMbF45m4_SmPb1qK1Q=s800-mo-c-c0xffffffff-rj-k-no
s,JFlaMusic,UClkRzsdvg7_RKVhwDwiDZOA,https://yt3.ggpht.com/a-/AN66SAybqQh4LMsA0mS2cOhLyW5PR3lQh62zUgmXWw=s800-mo-c-c0xffffffff-rj-k-no
g,도티 TV,UChQ-VMvdGrYZxviQVMTJOHg,https://yt3.ggpht.com/a-/AN66SAxsBHe0IImN-pHISiVCZmjKMfZW8lg_qvZnyw=s800-mo-c-c0xffffffff-rj-k-no
g,보겸 TV,UCu9BCtGIEr73LXZsKmoujKw,https://yt3.ggpht.com/a-/AN66SAyKRLibsR295JBRvNRNCVNPEj2aJto9EjoTSg=s800-mo-c-c0xffffffff-rj-k-no
g,양띵 유튜브,UCYooECrv-fIXlPaDwEIaveA,https://yt3.ggpht.com/a-/AN66SAxDAibv22ah5FSEqt5DBfslp4yS3y0Gr462tw=s800-mo-c-c0xffffffff-rj-k-no
g,대도서관TV (buzzbean11),UCSHVH_AWVUc-C8-D8mh8W6A,https://yt3.ggpht.com/a-/AN66SAz6EiYT_M8ok-dZ07wra8ilmo0jUD1f2NIr6Q=s800-mo-c-c0xffffffff-rj-k-no
g,잠뜰 TV,UCg7rkxrTnIhiHEpXY1ec9NA,https://yt3.ggpht.com/a-/AN66SAwlQuSdiyPbxVNUSm94tLVVavnG6Tz2ZGgEZg=s800-mo-c-c0xffffffff-rj-k-no
g,악어 유튜브,UCQJuZxeDv2P05YHcC-tIEVQ,https://yt3.ggpht.com/a-/AN66SAxidhYEQYJVtu5yOqFjZUpxm24qJjqJa-y5wg=s800-mo-c-c0xffffffff-rj-k-no
g,태경 TV,UCEPuItFWOOJ2o5hTu65NlEg,https://yt3.ggpht.com/a-/AN66SAxvWWbc0O5UykknoIGerWaEs7-CpSHO6ajB5A=s800-mo-c-c0xffffffff-rj-k-no
g,악동 김블루,UCNzcxCN_Hh_lu5RCSFXKgGQ,https://yt3.ggpht.com/a-/AN66SAxKsB0l3WARY3mauE83Q1oe8zAACIrtYMypxw=s800-mo-c-c0xffffffff-rj-k-no
g,우주하마,UC2NFRq9s2neD_Ml0tPhNC2Q,https://yt3.ggpht.com/a-/AN66SAyoaT0vC-oX0dUaHA1YyD-I1F8WJXyrQgkkSQ=s800-mo-c-c0xffffffff-rj-k-no
g,수진TV,UCmu_ekYHVR0vjmpyQZp8YwA,https://yt3.ggpht.com/a-/AN66SAyZB9x-sbH5l6_z2NTeJ8rFMZ1zbgDOybRy=s800-mo-c-c0xffffffff-rj-k-no
g,군림보,UCN5oT4zGJX-_H6pE5isAEeg,https://yt3.ggpht.com/a-/AN66SAxNNAxhlAZ0rQ4VB9tHAHMcyByNudKlidhv3w=s800-mo-c-c0xffffffff-rj-k-no
g,킴성태TV,UCAaLhok91QDrweyuDRsmjqQ,https://yt3.ggpht.com/a-/AN66SAxqCLuoA_Qy3Ni5vxLATeIBkFRoOuygdG5Ing=s800-mo-c-c0xffffffff-rj-k-no
g,뜨뜨뜨뜨,UCHxKSivB6JLZ1SEMdxd1fAg,https://yt3.ggpht.com/a-/AN66SAzNDrNhnNycTSJHOeunqgCEmeebl6Ua-umtwA=s800-mo-c-c0xffffffff-rj-k-no
g,김재원의 즐거운게임 세상,UCta_NRwnsUaew0t3VNxBNyg,https://yt3.ggpht.com/a-/AN66SAwEGGjYBPSyx-bMdBUKEvqxdXQvLzMHhz7Opg=s800-mo-c-c0xffffffff-rj-k-no
g,오린이,UCeVVzlUnjNMFy_DVTZqZ5ZA,https://yt3.ggpht.com/a-/AN66SAyBwtDDk_sC3iSX_3lqZJBFqFRw8uwIQORFxA=s800-mo-c-c0xffffffff-rj-k-no
g,릴카,UC48NSSfUBsmL0k0wKxSqRkw,https://yt3.ggpht.com/a-/AN66SAz5aO8TF_4v8XraAv2TOPbAhn5dgWcbEZYW-Q=s800-mo-c-c0xffffffff-rj-k-no
g,깨박이,UC1L79yKbmVepsCYusa4KHLQ,https://yt3.ggpht.com/a-/AN66SAw3Icj87v0U8LnR6Nq46bYJVWP5AFPNroVhzw=s800-mo-c-c0xffffffff-rj-k-no
g,연다,UCZcD2iYy55-SkEbv3tcMZrg,https://yt3.ggpht.com/a-/AN66SAz8vT9Obk8_CY_a8ABxU8RqDYxttLpCybsf_w=s800-mo-c-c0xffffffff-rj-k-no
g,눈쟁이,UCJiv3w22pf4Cgpwxo70MbhQ,https://yt3.ggpht.com/a-/AN66SAzPZSDpmztA3MDRFRA1RHX9lIM0PML2iOqZ7Q=s800-mo-c-c0xffffffff-rj-k-no
g,재민TV,UCfnMSbA2Bfi4cnuuN2pa0HA,https://yt3.ggpht.com/a-/AN66SAxIC0hiL3xpGEC5G0Lt0l2VM7fxyNHqMfIZ3A=s800-mo-c-c0xffffffff-rj-k-no
g,비누TV,UCbLispC1ydHSC_69kjZI6hw,https://yt3.ggpht.com/a-/AN66SAzDxKAECUUcKnddDXbaFkKKAPD_5YBeWKVvRQ=s800-mo-c-c0xffffffff-rj-k-no
g,빅헤드,UCAJ-meoCh1TrPZ7La3UpPrw,https://yt3.ggpht.com/a-/AN66SAzVQ1lk7-8Eg30rYy5lBqCU7urk4DtUqWe4Gg=s800-mo-c-c0xffffffff-rj-k-no
g,파파독 클럽,UCYwV9dJhAQSFrFU9JyQ5t1g,https://yt3.ggpht.com/a-/AN66SAzRX1pJDuyMTiHv2WFtgy8l68PVeMU-qKHHAQ=s800-mo-c-c0xffffffff-rj-k-no
g,유소나,UCxeWKVovE_mKNRCwAlpL87A,https://yt3.ggpht.com/a-/AN66SAzq69K3TaS535GE_39YwFM3hg13OIH6_f7wQw=s800-mo-c-c0xffffffff-rj-k-no
g,프레이 TV,UCSzHok6X5qXEO7cjvVnE62g,https://yt3.ggpht.com/a-/AN66SAwnrKKIBNXkzki_OGMhwzcwfLhVM2U8sC-zSQ=s800-mo-c-c0xffffffff-rj-k-no
g,호진TV,UCZZEgBpbLP0ILVc4nGg39-w,https://yt3.ggpht.com/a-/AN66SAzp3QQA-J7pKDyTk0KvYStUuvIJ_e53Iz7_wg=s800-mo-c-c0xffffffff-rj-k-no
g,[꿀템TV]클템 유튜브,UCvrxJgD0T_TFvgsO2nA-fDQ,https://yt3.ggpht.com/a-/AN66SAze11zRJZp9xr7FZrAkIAkbSuCthe2sAk-hgg=s800-mo-c-c0xffffffff-rj-k-no
g,성시훈 유튜브,UCQgu0whGhuJ2Hr8u6htgxxw,https://yt3.ggpht.com/a-/AN66SAxZba7xxAIvXm2x0L-1HIjrY7jHk2eZIwEPDw=s800-mo-c-c0xffffffff-rj-k-no
g,TV효근,UCG8FY3eGM47TVmv8x5ZhA7A,https://yt3.ggpht.com/a-/AN66SAxiUl9hVNpYJs53fKOL0_sKlpEG0XRHYBCTMA=s800-mo-c-c0xffffffff-rj-k-no
g,쥐늑대 유튜브,UCugJ9oXLc7a_6B0yyCHdpSA,https://yt3.ggpht.com/a-/AN66SAx7RsufssOQYoBqhKYOI7TTmYCoR_6zrCLC-g=s800-mo-c-c0xffffffff-rj-k-no
g,엔젤 유튜브,UCt5e5QXzt_Ub5azmAk4ozAw,https://yt3.ggpht.com/a-/AN66SAwSP_-Q-kvzCtNbAe4tJkvKoklVLHa8PyudwQ=s800-mo-c-c0xffffffff-rj-k-no
g,삐라,UCw2zOqd6hXsny79qDki_Z4w,https://yt3.ggpht.com/a-/AN66SAwtUVunVlsRRvPHiW4bDpk2rZ8dthHmeI26gw=s800-mo-c-c0xffffffff-rj-k-no
g,이녕,UCLoGhS_8p-G_pzrkfgMi9NA,https://yt3.ggpht.com/a-/AN66SAzzvcMwfWbp-jRSIZmGQf_bqQEcVtVUwF-6xw=s800-mo-c-c0xffffffff-rj-k-no
g,마일드,UCdDbEyWg8a51191UuLFnDJQ,https://yt3.ggpht.com/a-/AN66SAx5pmF-Umjn5iC-_TDgCNG37vKKcuV2NXmGuw=s800-mo-c-c0xffffffff-rj-k-no
g,보물창고,UCRwMczVQ8Jr8_8Dd8o7hPnQ,https://yt3.ggpht.com/a-/AN66SAyx8TYTbBAnsDKQsOAfqmz3231m76d4n_7pFw=s800-mo-c-c0xffffffff-rj-k-no
g,두칠이의게임방송,UCwDFdWg0nGlEMr4iJnKWqYw,https://yt3.ggpht.com/a-/AN66SAwGfpK0Hs50w_U2yiOzD0rsAohcBlxgnqPVEQ=s800-mo-c-c0xffffffff-rj-k-no
g,오버워치 롤큐,UCa-IaOPw5r1oQ4vuf3QjEPA,https://yt3.ggpht.com/a-/AN66SAwlCs2r5DZEgrNTidvAdg1lwpUKCrJpTjF1RQ=s800-mo-c-c0xffffffff-rj-k-no
g,탕카페TV,UCz1lALRICSdUzHRjJVVo9NQ,https://yt3.ggpht.com/a-/AN66SAwdWD40gul0cNvk_KDmE3wW4VzyjKrPzXqQXQ=s800-mo-c-c0xffffffff-rj-k-no
g,[Larva]홍구,UCaNGiz6D2vHP7XLj9d5691A,https://yt3.ggpht.com/a-/AN66SAyeCOBOxszWCZ5PLYyGcIuxHkPpMra2pUgiSA=s800-mo-c-c0xffffffff-rj-k-no
g,흑운장TV[BLACKTUBE],UCdtV_sB8WUWo-P_q3OwNfcw,https://yt3.ggpht.com/a-/AN66SAwuPJuPy-jcuISGp0WFzYkD-TQZNzNuvTgiUg=s800-mo-c-c0xffffffff-rj-k-no
g,이영호 Flash,UC4TDU9SEVB0EgslnTI2O9IQ,https://yt3.ggpht.com/a-/AN66SAxsCnlL3eVGwEeuL51AAyqBddNMX6clhvLjpg=s800-mo-c-c0xffffffff-rj-k-no
g,희바HEEBA,UCrLxiPkgUEEnItqryMFVG2g,https://yt3.ggpht.com/a-/AN66SAxHXht4h38RYFPLOIpsk_pWW6KwsVdrq1H4vQ=s800-mo-c-c0xffffffff-rj-k-no
g,멋사유튜브,UCIhfL5TX-FODmWcX2k1uWHg,https://yt3.ggpht.com/a-/AN66SAz2a-ARjkunSZgEUzRNFZgKafdXjgZZowzzsw=s800-mo-c-c0xffffffff-rj-k-no
g,양띵 유튜브,UCYooECrv-fIXlPaDwEIaveA,https://yt3.ggpht.com/a-/AN66SAxDAibv22ah5FSEqt5DBfslp4yS3y0Gr462tw=s800-mo-c-c0xffffffff-rj-k-no
g,BBokTV,UCO5bdxKgKczSpjFbfsGykmA,https://yt3.ggpht.com/a-/AN66SAxJBeU_g75h-Ps-b1YkYhVVMtubQWDNba_AIA=s800-mo-c-c0xffffffff-rj-k-no
g,정배우JungTube,UCVWN__TENeCRT8P6B6SwNog,https://yt3.ggpht.com/a-/AN66SAxbQH74xKxYAcniYe1cPSH1IaaRJVx9RCKr7w=s800-mo-c-c0xffffffff-rj-k-no
g,JUNE,UCL_IvtOZo6sONpiydbzzHpA,https://yt3.ggpht.com/a-/AN66SAzKAXA1ObpTDngMuTKxa6jbXOXAfPHBHrcP0A=s800-mo-c-c0xffffffff-rj-k-no
g,니얼굴윤겔라(geltube),UCMsjY8EfFZNul-_7DvWe6Aw,https://yt3.ggpht.com/a-/AN66SAxmAk9F-SaGMkzxWFyqNC7l3jbqz33x0KGOfw=s800-mo-c-c0xffffffff-rj-k-no
g,PongTV,UCilYpdgaNbW8x8_E83vomNw,https://yt3.ggpht.com/a-/AN66SAxfnLYpsiw4NiRwb7HBgOZORDo8qzn9fjXRjA=s800-mo-c-c0xffffffff-rj-k-no
g,테드TV,UC5pbeFWTPAUdKu65kBROsBg,https://yt3.ggpht.com/a-/AN66SAxWWMOzMXEvIwr-YFxnZktBe_2g_iwyG7-vSw=s800-mo-c-c0xffffffff-rj-k-no
g,구스마일,UCpVLAetJt6_XjktxxhDUY2w,https://yt3.ggpht.com/a-/AN66SAxCn-Jv9t0gchVh9zUAjNEW4B-mnYiSAnSWvQ=s800-mo-c-c0xffffffff-rj-k-no
g,랩해도돼?RAPTUBE,UC13r2XVC5h3unwWgo25puAw,https://yt3.ggpht.com/a-/AN66SAyzE6vB5A4V3unhnH0FraC199YXU6C6Fl53yw=s800-mo-c-c0xffffffff-rj-k-no
g,풍월량,UCyHvSKT_bLDYpkv1JjjsLAg,https://yt3.ggpht.com/a-/AN66SAzR6ke_TLG1RyHrpxPEMLQ-0ULQ9ClYOpFatw=s800-mo-c-c0xffffffff-rj-k-no
g,쉐리,UClDbuB3bgZYVIaN3534c_ew,https://yt3.ggpht.com/a-/AN66SAzYvWS2tSOmjFsudwHk_YcpfKZj5_D9BkS2EA=s800-mo-c-c0xffffffff-rj-k-no
g,방앗간 비둘기,UC1MO5uem_t8lRgvIBF9u83w,https://yt3.ggpht.com/a-/AN66SAySL9wp1wMAq0FQKkafRAVQwEFCdbR5pg3ytw=s800-mo-c-c0xffffffff-rj-k-no
g,홍방장,UCHxrU6bjWrnBfmReUAeztcw,https://yt3.ggpht.com/a-/AN66SAxc_82BZCV16Lk4DiHjYuU3keGFKo10RF1crw=s800-mo-c-c0xffffffff-rj-k-no
g,웁TV,UCnCFD3met1Ip7OngdF9TRDg,https://yt3.ggpht.com/a-/AN66SAzAbK_avkdgJ9cTBBmQINGo3I87EiS-MqwOcg=s800-mo-c-c0xffffffff-rj-k-no
g,서새봄,UCYtNOIg99pgGcrE4Uo44OdQ,https://yt3.ggpht.com/a-/AN66SAyFxh_RUrHAwvvDcbNHFOlu3K7r50b7gYUQ-Q=s800-mo-c-c0xffffffff-rj-k-no
g,울산큰고래,UCIchCOLwLBMD87quHlNuXjQ,https://yt3.ggpht.com/a-/AN66SAyxTkeXSNi52KjNjcbzIYioGgqZBPyGF_Uggw=s800-mo-c-c0xffffffff-rj-k-no
g,감스트GAMST,UCbFzvzDu17eDZ3RIeaLRswQ,https://yt3.ggpht.com/a-/AN66SAy-w2y5TyVIqDAIagxtCAChK5TLUR7Fqb9Cmw=s800-mo-c-c0xffffffff-rj-k-no
g,기리TV,UCEcuyrAqhRVUmRdOd6FGKSw,https://yt3.ggpht.com/a-/AN66SAwDBhNR4usaUVHX03aLWlqYY8gl8-rZXCXZXg=s800-mo-c-c0xffffffff-rj-k-no
g,썩쏘TV,UCp77saYy1V_F3dld7GfJrcg,https://yt3.ggpht.com/a-/AN66SAyj7CCUDxPdF4D9c5f8xrE_YlzBYpIVyQRiHA=s800-mo-c-c0xffffffff-rj-k-no
m,1MILLION Dance Studio,UCw8ZhLPdQ0u_Y-TLKd61hGA,https://yt3.ggpht.com/a-/AN66SAxBS9urQiG-iUst5MzeKUa0tHEzpV5AjlMX3w=s800-mo-c-c0xffffffff-rj-k-no
m,JFlaMusic,UClkRzsdvg7_RKVhwDwiDZOA,https://yt3.ggpht.com/a-/AN66SAybqQh4LMsA0mS2cOhLyW5PR3lQh62zUgmXWw=s800-mo-c-c0xffffffff-rj-k-no
m,waveya 2011,UCmR-oFhgGGe-dCRiDg2ysLw,https://yt3.ggpht.com/a-/AN66SAyJw9FxSQKO4ndRWyL4FCzMDXZZxbMqvteXxA=s800-mo-c-c0xffffffff-rj-k-no
m,Raon Lee,UCQn1FqrR2OCjSe6Nl4GlVHw,https://yt3.ggpht.com/a-/AN66SAwr0F3eKP4C2-1ty-4uafQ6Ivn6fk3pOUeJmw=s800-mo-c-c0xffffffff-rj-k-no
m,[Awesome Haeun]어썸하은,UCcpAtOvcne_cX7gvarTgKsQ,https://yt3.ggpht.com/a-/AN66SAyCda1BOA5Q4h_4P3WI9TECKZSP5ewq4lybmg=s800-mo-c-c0xffffffff-rj-k-no
m,JuNCurryAhn,UCkfSt0qC19ocnsKTCzjMjtw,https://yt3.ggpht.com/a-/AN66SAxV2ebzM1m-r6utosYmqJJche4LKXZzLHRdyg=s800-mo-c-c0xffffffff-rj-k-no
m,VIVA DANCE STUDIO,UC3LIEPioeH0CmVCmCn4JS1g,https://yt3.ggpht.com/a-/AN66SAyvytp3T4P0QKq2sxiiK53iRe9dK2JCadcxhQ=s800-mo-c-c0xffffffff-rj-k-no
m,ASMR PPOMO 뽀모,UCAtFkapSeoEGPxm5bC3tvaw,https://yt3.ggpht.com/a-/AN66SAw3hhPGcHxJsoLnJnihNnqYy64t_B_bOjqMkg=s800-mo-c-c0xffffffff-rj-k-no
m,창현거리노래방 쏭카페KPOP COVER STREET KARAOKE,UCPJmHR4CG_lRuVwKCo0kjjg,https://yt3.ggpht.com/a-/AN66SAwgulVo0zFG0zqn10T5ZKSapkSNhNwR0QqQLQ=s800-mo-c-c0xffffffff-rj-k-no
m,새송 Saesong,UCyvqwwpQYUHfQhm6g4UHRsQ,https://yt3.ggpht.com/a-/AN66SAwB6xZ5qhPClgPp7F5-rmOWAD5uJ4LYAv4nZQ=s800-mo-c-c0xffffffff-rj-k-no
m,보라미유 Boramiyu,UCEgIN0yG3PeVF4JfJ-ZG0UQ,https://yt3.ggpht.com/a-/AN66SAwzWu8cdFDsBA_uGGqpg0LjVKB55tk5sV-NLA=s800-mo-c-c0xffffffff-rj-k-no
m,달지,UCl2f1LqZbwTri22euWxPmpg,https://yt3.ggpht.com/a-/AN66SAy80Hfn4O_WJN_hkxfoSJrJB8BwHZQpoOmRmA=s800-mo-c-c0xffffffff-rj-k-no
m,노래하는하람,UCpg6LQOkR1vItE-ArtVC1YA,https://yt3.ggpht.com/a-/AN66SAzktU1czWaWj6KLknFPQC7yaOKfF9hVq47Nig=s800-mo-c-c0xffffffff-rj-k-no
m,Sean Song,UCyIuVUBmBMZ1Tfdn8mh_KDg,https://yt3.ggpht.com/a-/AN66SAxXCXHqodqMx38eujwttOWeJOJDwG7KPZnUTw=s800-mo-c-c0xffffffff-rj-k-no
m,SisterSOON,UC24ZdEFJvYvQwqnWJodWzng,https://yt3.ggpht.com/a-/AN66SAwVAXsqL08j7GST45HOXVtaDpygpZl_pOGRTA=s800-mo-c-c0xffffffff-rj-k-no
m,네버다희,UCs9C6GBfmu8FDRvpcGWpUng,https://yt3.ggpht.com/a-/AN66SAyRG3RS6f2sU4hEI7Z1Whtgc28H0MqNpd1Ddw=s800-mo-c-c0xffffffff-rj-k-no
m,imlisarhee,UCIda6ijXAcziDMH1saI-3dg,https://yt3.ggpht.com/a-/AN66SAyNcUhxkqrJoHvrIcQEv869KBD6wQOUdCeXbA=s800-mo-c-c0xffffffff-rj-k-no
m,ARTBEAT,UCgZlBRLRB1-0l-qL9BkecLQ,https://yt3.ggpht.com/a-/AN66SAyHeJtn8q4nnxtVNXKrAjZW7bDFMprebakGZQ=s800-mo-c-c0xffffffff-rj-k-no
m,MORE THAN YOUTH,UCFVo3W5Vy_EGCcj3bbhcEWQ,https://yt3.ggpht.com/a-/AN66SAxJrnymIu_q8qe60aAFCyX61d7rD2Vb76_Ryg=s800-mo-c-c0xffffffff-rj-k-no
m,Terpsichore Movie,UCSl192NvxDXRE1fT0cKrVrA,https://yt3.ggpht.com/a-/AN66SAzIHpquu0z7CT9E0L01f0vE_wvG8PW7gh8twQ=s800-mo-c-c0xffffffff-rj-k-no
m,Yu Kagawa 카가와 유,UCEzfaLiOfdvV8V44pzGGdrA,https://yt3.ggpht.com/a-/AN66SAxRBr11r2H0Ina9mbyitPxiP7C5GCQyhWeTVQ=s800-mo-c-c0xffffffff-rj-k-no
m,달마발 Darlim&Hamabal,UC5Ce1XGat0JJOXcFWZl1jcg,https://yt3.ggpht.com/a-/AN66SAwyG2sna9no99Icv9ytxyWqUq_tkQGgLf4a=s800-mo-c-c0xffffffff-rj-k-no
c,Maangchi,UC8gFadPgK2r1ndqLI04Xvvw,https://yt3.ggpht.com/a-/AN66SAw84MRh0YZ8xx_Jlujpu_4x2o3thmwPU96evQ=s800-mo-c-c0xffffffff-rj-k-no
c,밴쯔,UCYx9lhCw0u2-OoqVtEU0IMg,https://yt3.ggpht.com/a-/AN66SAzcKj2YkR-xGHlAxGsU0nz05uiC9o9vlJXxrw=s800-mo-c-c0xffffffff-rj-k-no
c,떵개떵,UC-i2ywiuvjvpTy2zW-tXfkw,https://yt3.ggpht.com/a-/AN66SAyuO09ZWvFBOuKHky_ZOU0sKtmNtIjkxlgjcg=s800-mo-c-c0xffffffff-rj-k-no
c,꿀키honeykki,UCvQPUPoMK0Smj-OHeUe9SEw,https://yt3.ggpht.com/a-/AN66SAwypAHCDzMbUVOMdaBzQiLmPmMjGDwFEIdoGg=s800-mo-c-c0xffffffff-rj-k-no
c,슈기님,UCBCY00Ox6Cins0oRwSLqNGA,https://yt3.ggpht.com/a-/AN66SAw_RPpsDe6Cvmls7cqOIKCl71yhqVrt7Mu_Ew=s800-mo-c-c0xffffffff-rj-k-no
c,ARIKITCHEN (아리키친),UC2jkfOUD5KNbIpkb77-chqQ,https://yt3.ggpht.com/a-/AN66SAwVDhdumKW-wOKrCw6ElUYOZ0MB_zRUUR4IuQ=s800-mo-c-c0xffffffff-rj-k-no
c,소프,UCRiGI5nRBYZjGZ0OuGBtqHA,https://yt3.ggpht.com/a-/AN66SAw-tOifvZ6-Kt3bpdVIgtBo9xs4t2iJjvZYCg=s800-mo-c-c0xffffffff-rj-k-no
c,[Dorothy]도로시,UCWUwriihuQ_ybNrAOqbg3yg,https://yt3.ggpht.com/a-/AN66SAzX8MjjvNKc5xiNuHNuyZLg4bh8fePEdujM8w=s800-mo-c-c0xffffffff-rj-k-no
c,나도Nado,UCf9sl-IcwNXDqWwWwp4vEwg,https://yt3.ggpht.com/a-/AN66SAzX8MjjvNKc5xiNuHNuyZLg4bh8fePEdujM8w=s800-mo-c-c0xffffffff-rj-k-no
c,FRAN,UC8kRUGUkq_sTGuKNR1l6Rrw,https://yt3.ggpht.com/a-/AN66SAw0QttCvgYYI5qJ_oXnol8jRjYSksPI9arH-A=s800-mo-c-c0xffffffff-rj-k-no
c,엠브로,UCj7mdvAJCRKvGBmcusOr9Ag,https://yt3.ggpht.com/a-/AN66SAxMHtyjR-9iiwkoQZ--MOZY8cawfE-052wnPQ=s800-mo-c-c0xffffffff-rj-k-no
c,입짧은햇님,UC-Bsa2ivAGWq7bsSPrPGFVA,https://yt3.ggpht.com/a-/AN66SAwdouWARdecJcOw-2drH1TZ9M8Qcmg1OXmRuA=s800-mo-c-c0xffffffff-rj-k-no
c,왕쥬 Wangju,UCNzYaPkki55QOp5u2UPJvzA,https://yt3.ggpht.com/a-/AN66SAwyHxeMkYKGAzmtoAIzlGpd61xo-PoSEp2UlA=s800-mo-c-c0xffffffff-rj-k-no
c,sini시니,UCTXuCSZxMDaneK7t6DVs21g,https://yt3.ggpht.com/a-/AN66SAxgIT-dVOR4_WMKDTzUWyBwe_uLYPD6_gsUUQ=s800-mo-c-c0xffffffff-rj-k-no
c,스윗더미 . Sweet The MI,UCW3Zwj1ntR4I8OxEJvTM5XA,https://yt3.ggpht.com/a-/AN66SAyLS3bfMpyEHrg-S6DDb5DOjAHdrifU8JuA-A=s800-mo-c-c0xffffffff-rj-k-no
c,Eugenie Kitchen,UCUn_IPPXTCFZ8IfhVPVsxcA,https://yt3.ggpht.com/a-/AN66SAxn5n_O_jRJACyOwPb5a7UWFnCiZUKz72oDUw=s800-mo-c-c0xffffffff-rj-k-no
c,초의 데일리쿡Cho's daily cook,UCBzhQlTjXvgjdroWNgrw1TQ,https://yt3.ggpht.com/a-/AN66SAw9kubzC-EJLNWj6289V--FigwA-j90h0icOw=s800-mo-c-c0xffffffff-rj-k-no
c,Umi's cooking우미스쿠킹,UChHOh0V01AfutBC93PfsPPA,https://yt3.ggpht.com/a-/AN66SAwGA-M4E6lDvUPJGd2EqJb5ZOHjjZRuWcxBEQ=s800-mo-c-c0xffffffff-rj-k-no
c,아내의 식탁 Wife's Cuisine,UCStb6xqP228XXUykrrY-_CQ,https://yt3.ggpht.com/a-/AN66SAwosbqtlZks59L4qy87yfNUdCc-UEC3CDKH0w=s800-mo-c-c0xffffffff-rj-k-no
c,Cooking tree 쿠킹트리,UCtby6rJtBGgUm-2oD_E7bzw,https://yt3.ggpht.com/a-/AN66SAzYCFbodFyRufrGTQtljOUUVlN6KTK2JSPBlQ=s800-mo-c-c0xffffffff-rj-k-no
c,데라세르나de la Serna,UCse0BZUEgpbPyyt-S9iqttw,https://yt3.ggpht.com/a-/AN66SAwBpIuzKMainXiwmUpavHCooEIqJr20jp7p_A=s800-mo-c-c0xffffffff-rj-k-no
c,happycooking120180,UCNITpsY7Iz0XzQJbiWgKEBw,https://yt3.ggpht.com/a-/AN66SAxmPXF4uaTCm-bSx5mG4kTFpHDYUAUSIkEszg=s800-mo-c-c0xffffffff-rj-k-no
c,심방골주부,UCMXFSqYCTcB4iIJLwUJaBrQ,https://yt3.ggpht.com/a-/AN66SAy0A9wE9WX6BEGhBFSy-ixDb9CojK9bIY48Yw=s800-mo-c-c0xffffffff-rj-k-no
c,강쉪,UCrxSR4OGbJBVjYxp4xjWgZQ,https://yt3.ggpht.com/a-/AN66SAy9yD7pG3tnyqRtbKZ8JsDJx2wC7Nigov0zUw=s800-mo-c-c0xffffffff-rj-k-no
c,Choi주부,UCxGzGirbl7JZlTTrO7jJCLA,https://yt3.ggpht.com/a-/AN66SAybDKkifmVI49gBxyc-DwLAD5_mqnU6l1j8ag=s800-mo-c-c0xffffffff-rj-k-no
c,핸쿡handcook,UCOY6GTm8q0gIDQQdb6NkVVw,https://yt3.ggpht.com/a-/AN66SAxw3O3B8d_ri39aqYvMCciyczosQnfdhO74OA=s800-mo-c-c0xffffffff-rj-k-no
c,[Nareum_TV] 나름TV,UCq9MDndXc1y3he3uPZLPskQ,https://yt3.ggpht.com/a-/AN66SAwx7MBItznqRbRHm5EEdZNFI_uH6cBDuO1uZQ=s800-mo-c-c0xffffffff-rj-k-no
c,HONG SOUND,UCBIoXzDldCnpbM_7uyG0_Tg,https://yt3.ggpht.com/a-/AN66SAzUIpSzujhTclKmWqC6eLPy0LZOZ9iJPurq4Q=s800-mo-c-c0xffffffff-rj-k-no
c,MINEE EATS,UCc7v5yYC_mviB1_fLuB-GRw,https://yt3.ggpht.com/a-/AN66SAwQq6M31dN3Qcmpz_aDcve9WC25Z11N9FqwVQ=s800-mo-c-c0xffffffff-rj-k-no
c,맛상무,UC1r112Pr9Ngcg2NtcE946HQ,https://yt3.ggpht.com/a-/AN66SAyQ3xstrZ0Ar8JNIuTMROlQ2LiHs6WH-1B8yA=s800-mo-c-c0xffffffff-rj-k-no
c,애주가TV참PD,UC5oft5dVf43M2cFmhpJLVGQ,https://yt3.ggpht.com/a-/AN66SAyfNLPamyO_bWh7aYxhskHHTE77aG3iFDibwA=s800-mo-c-c0xffffffff-rj-k-no
c,야식이,UCsNVs68quFJMaDmR6frfUsQ,https://yt3.ggpht.com/a-/AN66SAxUT2lbDUHy62QjzEz3yTph8Y34Mtja-i-nwg=s800-mo-c-c0xffffffff-rj-k-no
c,허미노MINO,UCtvKnzSHvW8XUxfwpYkGrvQ,https://yt3.ggpht.com/a-/AN66SAwC1HROH05P9k6iG4mvxXI4clbQr7DUKpdxMw=s800-mo-c-c0xffffffff-rj-k-no
c,꽃돼지BJ,UC4VljnooZZkRhhb5s5rv1Mw,https://yt3.ggpht.com/a-/AN66SAwnf3gQWgzokrqWztsLcxiJlfwv-gpjpn-I-Q=s800-mo-c-c0xffffffff-rj-k-no
c,푸르미르,UCr8yGo3uXzJuOZS6hQrBSjw,https://yt3.ggpht.com/a-/AN66SAw--mXWf7PSlUTjBk0fWhWAFz3IuPbQ65siHw=s800-mo-c-c0xffffffff-rj-k-no
c,도남이먹방 DoNam,UCftypYUp6boUauNi_P5WdZg,https://yt3.ggpht.com/a-/AN66SAznowSH7qp4shtMa5mEseIIIQpvmhFLQCOnAg=s800-mo-c-c0xffffffff-rj-k-no
b,윤쨔미 YoonCharmi,UCQtPAu0FjPbA1ku3cA5R2mg,https://yt3.ggpht.com/a-/AN66SAxiVAhRddK3APJlKknJ05nUWU9ZB_HxrmLtLw=s800-mo-c-c0xffffffff-rj-k-no
b,회사원A,UCnekLiljel-Px4ClMC7b3mg,https://yt3.ggpht.com/a-/AN66SAwwVr6uYmIHB_SCJQiyjgeIVbetJTvqAvj-dw=s800-mo-c-c0xffffffff-rj-k-no
b,lamuqe,UCzDTOmSRs8c_ej7XRvn53og,https://yt3.ggpht.com/a-/AN66SAz5RuVme3dai2nN0TV0rORiHepUEc6l6cpa_A=s800-mo-c-c0xffffffff-rj-k-no
b,다또아Daddoa,UCS7W5pDu-w9rT-2GNdLYHWg,https://yt3.ggpht.com/a-/AN66SAxb8jcOy826Oyp3qq87hngXyxqcwTVaJGvtpw=s800-mo-c-c0xffffffff-rj-k-no
b,ssin 씬님,UC5xK2Xdrud3-KGjkS1Igumg,https://yt3.ggpht.com/a-/AN66SAxo4zJk5EsXYyF7jeZYvhYx-X8F87bPeEyUmQ=s800-mo-c-c0xffffffff-rj-k-no
b,RISABAE,UC9kmlDcqksaOnCkC_qzGacA,https://yt3.ggpht.com/a-/AN66SAwUostN9FMWeIdhrPx9TE8sjWaj90ebsENydQ=s800-mo-c-c0xffffffff-rj-k-no
b,PONY Syndrome,UCT-_4GqC-yLY1xtTHhwY0hA,https://yt3.ggpht.com/a-/AN66SAynS7kKaY-Mfva4YvJMiavSTrNorTGdm-TmoQ=s800-mo-c-c0xffffffff-rj-k-no
b,써니채널 Sunny's Channel,UCxM21Vv4bWq106MxIPvrGQw,https://yt3.ggpht.com/a-/AN66SAwyearfcI-_qNaIpg37W3rWIBLt6iIrKGlklw=s800-mo-c-c0xffffffff-rj-k-no
b,LENA,UCU8mou_JjcF-IXZMkAqpA6g,https://yt3.ggpht.com/a-/AN66SAz2T2Txa4530NgvJsTnVACDY-RhcUDOd_vkcQ=s800-mo-c-c0xffffffff-rj-k-no
b,한별Hanbyul,UC9gW47NqzI1x7e8qsflvUUw,https://yt3.ggpht.com/a-/AN66SAzTaRHWFjuHOtM4qFDfNPQldF7DYzSvwOz-og=s800-mo-c-c0xffffffff-rj-k-no
b,yeondukong 연두콩,UCAUbDYDwV34yk6pYiZg_CzA,https://yt3.ggpht.com/a-/AN66SAx6EquUQWiq4QhRVOM-5rK7ylHZDy0w_88eIQ=s800-mo-c-c0xffffffff-rj-k-no
b,ROSEHA로즈하,UCbqgVmgxLanKtuHcYSyYqkg,https://yt3.ggpht.com/a-/AN66SAw6dtnoz7hOZBl5SUM_WtILwtRt2IOJ--Kybw=s800-mo-c-c0xffffffff-rj-k-no
b,헤이즐 Heizle,UCO-7CJCtOqw1yqh3y8owGfg,https://yt3.ggpht.com/a-/AN66SAxueo32G4DicHVm5rPSexUkVeSYfuuNrzpn7g=s800-mo-c-c0xffffffff-rj-k-no
b,Ha Neul오늘의 하늘,UCW-rU_ZE4dAKDejWdTAKmoA,https://yt3.ggpht.com/a-/AN66SAxfLfNOBe5ozr4cMHl9VYPpt2SKp7O3ay9E3Q=s800-mo-c-c0xffffffff-rj-k-no
b,에바EVA,UCf3b81YFYvGMtx3KBrnpsLg,https://yt3.ggpht.com/a-/AN66SAwYRZG1KktcFaxEWmRXyDX0n22oKWJDhEYZlw=s800-mo-c-c0xffffffff-rj-k-no
b,조효진 Hyojin,UCuZu8NrpBG4WPXRi-hPBl-A,https://yt3.ggpht.com/a-/AN66SAxTFiN6P3tXI3Bzejlsq_i0n3OHj-x3S0f8ww=s800-mo-c-c0xffffffff-rj-k-no
b,leeanfilm리안,UCfldmTAkWErTcbiAA9GeVxg,https://yt3.ggpht.com/a-/AN66SAwwI4MG7YSjZoB5jy2yeOw5WjLzPMhfjgqTbQ=s800-mo-c-c0xffffffff-rj-k-no
b,KINDA COOL 아영,UCYJlyU_Lf33eqp6KWYONTGg,https://yt3.ggpht.com/a-/AN66SAyC1zrQoYfrEl20nrxA7IjfRKUOgHyDf59OOg=s800-mo-c-c0xffffffff-rj-k-no
b,Yoo's Beauty,UCgCxYP5uSCNyFTV-PEbKhew,https://yt3.ggpht.com/a-/AN66SAznlRN-xxKsZIJOxf3A7oZ-PJOXUOWsOjhL8g=s800-mo-c-c0xffffffff-rj-k-no
b,sobong official,UCQ_uqhCWc2Xg3wOUCeezHTA,https://yt3.ggpht.com/a-/AN66SAzzNPDje53xssRiQADDNMBzIdC746agU8W8IA=s800-mo-c-c0xffffffff-rj-k-no
b,Jella젤라,UCbwy5KgaKa-W6Ladj3iN4mw,https://yt3.ggpht.com/a-/AN66SAx2pg1D2sDTZeNMJjOoThLGmt6MS3hxX2_OHA=s800-mo-c-c0xffffffff-rj-k-no
b,다영 DAYEONG,UCzUV_ldqQyp17-scwBANlsg,https://yt3.ggpht.com/a-/AN66SAxTsM-Fj_-kjlpyULBy7myO_zK01FQpqVEhWw=s800-mo-c-c0xffffffff-rj-k-no
b,새벽,UCoppgM9wcJl6Yys08-MOeGg,https://yt3.ggpht.com/a-/AN66SAzOYYXWvzGd1s7zWn7bzgDE9uUt9c7NsJqlew=s800-mo-c-c0xffffffff-rj-k-no
b,집 팔아 화장품 사는 깡나,UCxthUNFu-GWQZ0YE9AnIetg,https://yt3.ggpht.com/a-/AN66SAyZ_58VsZEwHwb0XIpFSUnAFWV0PEJf_iidpw=s800-mo-c-c0xffffffff-rj-k-no
b,우린,UCjrTg7jI1dyzaFSyie8tIBw,https://yt3.ggpht.com/a-/AN66SAxXeb9gVlwHP0JgSk8VwLgokbDWOWWCteR-2A=s800-mo-c-c0xffffffff-rj-k-no
b,Yoo True,UCH2mJnztSdNh8ADp2KmtUMQ,https://yt3.ggpht.com/a-/AN66SAzXhaExfR-36yyn7sqBptbmksyiWufDvuSHQg=s800-mo-c-c0xffffffff-rj-k-no
b,CHAESO 채소,UCKyF_OgFAv5ZFSPGzMpoKxA,https://yt3.ggpht.com/a-/AN66SAyZ7QlO8CWYqz8o7BEFRstl_QcrDsXxupDfUA=s800-mo-c-c0xffffffff-rj-k-no
b,bbomni 뽐니,UCmPkZXhVfyLLWyHQM-l_KqA,https://yt3.ggpht.com/a-/AN66SAyWYxwO3hmhNwmLl95MDxFGAO2f8GA8sgb4kg=s800-mo-c-c0xffffffff-rj-k-no
b,다예 Daily Daye,UCANG9nPHHhmyOtMVk0bWgaA,https://yt3.ggpht.com/a-/AN66SAwZuwQU4VE-gBk_E3f4JxY0moXn_RjlNVY-FA=s800-mo-c-c0xffffffff-rj-k-no
b,연우 Yeonwoo,UCBmYnmnks3mOqRkgmm_frBA,https://yt3.ggpht.com/a-/AN66SAw8pDQkxhtkDK8dir7TZsPIheRKn1W5izoMgA=s800-mo-c-c0xffffffff-rj-k-no
b,Soyoon소윤,UCc_vOO8-XNMT8KmIVTEbt5g,https://yt3.ggpht.com/a-/AN66SAwGo1d6TOJgiqhKP61HhOaO0AwbMKGVXRC-9w=s800-mo-c-c0xffffffff-rj-k-no
b,areumsongee아름송이,UCZggbgiMY7u4Def37xQpyAQ,https://yt3.ggpht.com/a-/AN66SAyzosdJDGTyQ5ixc1tN3sYnHiWEJPFzC7xC0Q=s800-mo-c-c0xffffffff-rj-k-no
k,캐리TV CarrieTv,UCN106RQxroojNzkEMuRC0BA,https://yt3.ggpht.com/a-/AN66SAyIrdvcLMi0qU_nW5Dg3ocb4BwyEmBsNdHs5A=s800-mo-c-c0xffffffff-rj-k-no
k,서은이야기[SeoeunStory],UCVihezVtsguXEouYvtKmKYA,https://yt3.ggpht.com/a-/AN66SAynEOBmkb2WgSFX8IKm2WwCUdaGfZv7xNXAMg=s800-mo-c-c0xffffffff-rj-k-no
k,Lime Tube[라임튜브],UCxutPqfWSdYqaK8_tlc5PBA,https://yt3.ggpht.com/a-/AN66SAwBtTRRwA_vNufhA13fzp0e4UZn9cqwxTneUA=s800-mo-c-c0xffffffff-rj-k-no
k,With Kids[위드키즈],UC6ye474SJCiPsEPueO_b3Gw,https://yt3.ggpht.com/a-/AN66SAxlrMbXG0FH3LjYtkqASkQcUYe4N_U7FovmZQ=s800-mo-c-c0xffffffff-rj-k-no
k,MariAndKids,UCPGFLUUESbnhkOTpIt71Awg,https://yt3.ggpht.com/a-/AN66SAx1wcHrLSH8MFixKkPAxwg2Ivun-YmwFFliNA=s800-mo-c-c0xffffffff-rj-k-no
k,Tei's Happy House(태희의 해피 하우스),UCeUisiec4oauZ7ngZ-FSOCQ,https://yt3.ggpht.com/a-/AN66SAyF2aoYgDqwzzfpvuNRFeoDTpzZKcWmYtF-5w=s800-mo-c-c0xffffffff-rj-k-no
k,Hello! Flora,UC9_vIY3bS1uSKNSjRdLIfKw,https://yt3.ggpht.com/a-/AN66SAzMDDI5R4tuY1FAPmuKskxCCIlHZPY7WWCGeg=s800-mo-c-c0xffffffff-rj-k-no
k,간니닌니 다이어리,UCucybMZtilvYSg2_f3eAIHg,https://yt3.ggpht.com/a-/AN66SAweGVfM0dRJqGxo742yc2cCghsD1elg5p6u7g=s800-mo-c-c0xffffffff-rj-k-no
k,마이린 TV,UCNzn4cWu4ygeWTxXfP4ufug,https://yt3.ggpht.com/a-/AN66SAyoslU04zw74aa2RYwaCRqHKvr8rPkqb9S0bQ=s800-mo-c-c0xffffffff-rj-k-no
k,Boram Tube ToysReview [보람튜브 토이리뷰],UC3pnQ7MHDABUFungNcMQ7dA,https://yt3.ggpht.com/a-/AN66SAyFaOWnodrDsD0bXJ02Jt7Hfl0Oz3-cQFMDSg=s800-mo-c-c0xffffffff-rj-k-no
k,리원세상RIWORLD,UC7UbS3kToagugtwtcF2m3Fg,https://yt3.ggpht.com/a-/AN66SAyhhmz90LmHC8vVdK2k_fJhJ9l3QCNmpSfuKw=s800-mo-c-c0xffffffff-rj-k-no
k,헤이지니 Hey Jini,UCdet8uJfTFlACtY05BQmJ1Q,https://yt3.ggpht.com/a-/AN66SAzGmfidbKtZaXWq0wFZm6kf-QoQTQqOp4dXhQ=s800-mo-c-c0xffffffff-rj-k-no
k,엘리가 간다 EllieAndTour,UCDnXD0-ABYAj6JIOX6QqU2w,https://yt3.ggpht.com/a-/AN66SAwDHnKfyNaHs8c0whet3g0wPJHJlDs1CJMbdg=s800-mo-c-c0xffffffff-rj-k-no
k,럭키강이 LuckyKang i,UCDHIA4d_e4SOrODpU7nrVtA,https://yt3.ggpht.com/a-/AN66SAxTnnJYk74yCbfDBOYAcbzdsUfEd0rsOWJ1Tg=s800-mo-c-c0xffffffff-rj-k-no
k,대문 밖 장난감 [Toy Out the Door],UC1EjtvDflBROblEaM1nMPWw,https://yt3.ggpht.com/a-/AN66SAyEmlD2FySJlGPSulm1kVYU5Z6RBrapdd94bQ=s800-mo-c-c0xffffffff-rj-k-no
k,배틀토이Battle Toy,UCIJBt-DqtODaUKGKI5H01fg,https://yt3.ggpht.com/a-/AN66SAxwmCBqneZMD0UfXFcLqu2otGrEvCEoF0iB7Q=s800-mo-c-c0xffffffff-rj-k-no
k,Play with Toy,UChvR-r6dtgPkXhY4rvPgq2A,https://yt3.ggpht.com/a-/AN66SAyc1eQALA2k3gVKzJNBg1TNnX3rFlx0cvLtqQ=s800-mo-c-c0xffffffff-rj-k-no
k,Hbro Jun&Sun,UC_q-BMON9zV-lscCZr96ymQ,https://yt3.ggpht.com/a-/AN66SAza664WfnzOmU-j9KhSqr3rB2fZ8FPVHdFTVg=s800-mo-c-c0xffffffff-rj-k-no
k,[RabbitPlay]토깽이네상상놀이터,UCniBqAPwwWIQLbYo4uK2RWg,https://yt3.ggpht.com/a-/AN66SAymhvm2SEhiHWb7K1Is1g_qMj0OCLOofDYp-w=s800-mo-c-c0xffffffff-rj-k-no
k,MariAndFriends,UCIAH4FXl2DQ4HmLupsyFiug,https://yt3.ggpht.com/a-/AN66SAyztdYeQL4Vbv-JLGOa-MlBYZ1jwRyJaFNHHw=s800-mo-c-c0xffffffff-rj-k-no
k,꾹TV(Kkuk TV),UCbuks6fmwRefCTGg9aNwgeQ,https://yt3.ggpht.com/a-/AN66SAxU1a_0CmnP6pLjp9RELviGCyBbdjd8vkABsA=s800-mo-c-c0xffffffff-rj-k-no
k,Korner코너,UCYACixxri8vQLQ6BSriQehw,https://yt3.ggpht.com/a-/AN66SAxQpkVPCHRN6CWYz1APBS4wqcMF7ilF9H5bQQ=s800-mo-c-c0xffffffff-rj-k-no
k,츄팝,UCyIxod7xVzs-7QPhTE7yazg,https://yt3.ggpht.com/a-/AN66SAxyTyO8-PSdaWBzaYOoPwMndchJJvSb2n7unw=s800-mo-c-c0xffffffff-rj-k-no
k,MariAndKids Toys,UCccSrBPy_nfRUlGLJiI-beQ,https://yt3.ggpht.com/a-/AN66SAyx8XmtZbuqHCOj6Pmfndyolq1VUeG7xqZTAQ=s800-mo-c-c0xffffffff-rj-k-no
k,Boram Tube [보람튜브],UCJedRe-OQCN-75DhLmG3VPQ,https://yt3.ggpht.com/a-/AN66SAzK3ooaoztGrFekEphXxxmZxisIp3_5yoRF6g=s800-mo-c-c0xffffffff-rj-k-no
k,PPUJIG뿌직,UCDW6-1BLKS3iGqa3jWZm1yw,https://yt3.ggpht.com/a-/AN66SAydLRwlLtiXt71uW3NPmkHpo_C5HLkTd0rVNg=s800-mo-c-c0xffffffff-rj-k-no
o,보물섬,UC9ZLv1m7QDLv991X1-p50AA,https://yt3.ggpht.com/a-/AN66SAz6CmFN9RpEFlCb_gSUzXx6uwTYpPhct2qiFQ=s800-mo-c-c0xffffffff-rj-k-no
o,양팡 YangPang,UCMVC92EOs9yDJG5JS-CMesQ,https://yt3.ggpht.com/a-/AN66SAy2quSUPh-Ny7JMrAVUizKw9E3UJmXju0L_TA=s800-mo-c-c0xffffffff-rj-k-no
o,에밀튜브 - EmilTUBE,UC3sVRlvglIebwSpVGCMB--w,https://yt3.ggpht.com/a-/AN66SAzvpOA28WQy2sTuIZPiPH8v8SGVWWij7hT-rQ=s800-mo-c-c0xffffffff-rj-k-no
o,Maru & 마루TV& マルTV,UCTTjblmJnsEe8Rq71WzJ9Tw,https://yt3.ggpht.com/a-/AN66SAziqSddqFkEB5IGZ_mNphnvxrzc87cC-c6aCw=s800-mo-c-c0xffffffff-rj-k-no
o,깜찍한 진혁이,UCMhrA7gtnBpYeIOP2LZ7FmQ,https://yt3.ggpht.com/a-/AN66SAwEwZkDcAIew0M0fZfHBuoVCvIMshxLFOzooQ=s800-mo-c-c0xffffffff-rj-k-no
o,허팝Heopop,UCk6bX-MZXdte_7kG8TbMkqg,https://yt3.ggpht.com/a-/AN66SAzrqD1ucrH8pDT3N9WhvXSGcjsVHWDNhqji_A=s800-mo-c-c0xffffffff-rj-k-no
o,급식왕 ,UCJundLkbjldzL60kFfKm1vQ,https://yt3.ggpht.com/a-/AN66SAzbl2r46ofFgMKIFqaEZZ2Jj_pgaWlyx74-Qg=s800-mo-c-c0xffffffff-rj-k-no
o,윰댕(yum-cast),UCoDLLyiqum2JOBI4Dty8eUA,https://yt3.ggpht.com/a-/AN66SAy7dKrZa_TzGA5PboJXYXfCtDqooIG6nzEy=s800-mo-c-c0xffffffff-rj-k-no
o,크림히어로즈,UCmLiSrat4HW2k07ahKEJo4w,https://yt3.ggpht.com/a-/AN66SAzP31F4ofUq5ly6thBBF6V3bp5s4RGH_aLHvg=s800-mo-c-c0xffffffff-rj-k-no
o,철구형 (CHULTUBE),UCUY0FVprY69TQu5pbho2PNw,https://yt3.ggpht.com/a-/AN66SAyQV6b3q2-rc_PKI5hZ5cnZyBYREAMzYsnQ2w=s800-mo-c-c0xffffffff-rj-k-no
o,양띵의 사생활,UCHcDLOhRi_WkDJ3zOM3FehQ,https://yt3.ggpht.com/a-/AN66SAywLhU40CcsqQ20IMI-WPxMB3ZzIi27Wu5mTQ=s800-mo-c-c0xffffffff-rj-k-no
o,StimBoy스팀보이,UCTA-2mGsWmVYqZHBvvM9Vmg,https://yt3.ggpht.com/a-/AN66SAx3v7w0jyAXmkDABFKBkXyz4bU9uuaJzZh7Ug=s800-mo-c-c0xffffffff-rj-k-no
o,STUDIO ONSTYLE,UCLQ_lTDcNOj7VzNeW0kZ17w,https://yt3.ggpht.com/a-/AN66SAxDK3J0iZcQmQ0fImR9tiWnvbGNex0py_bexA=s800-mo-c-c0xffffffff-rj-k-no
o,최고다윽박,UCg_lS-XS9Fh9I6Rl56Z8fpg,https://yt3.ggpht.com/a-/AN66SAx85E_gJkQUxjcx3fTKCzeqpvmkb0KHSgwpug=s800-mo-c-c0xffffffff-rj-k-no
o,정선호,UC1dK7oMUSR9Rnk1BSpOKZng,https://yt3.ggpht.com/a-/AN66SAz0ne-Yg9bpg09xImxQlBn5BAc1NMEBat-Dyw=s800-mo-c-c0xffffffff-rj-k-no
o,김이브님,UCrfqKR--XsVWIcFA24YbC8Q,https://yt3.ggpht.com/a-/AN66SAwEL3ECZnre2qwiBBZVB-TJuVAkRNmIv1MmAA=s800-mo-c-c0xffffffff-rj-k-no
o,조섭,UCmpJ1DrrN84EDYSAIHCHTUQ,https://yt3.ggpht.com/a-/AN66SAy-FCAYTG4oYm7ZnGcfkkA14UyGVoS-LMj73w=s800-mo-c-c0xffffffff-rj-k-no
o,퇴경아 약먹자,UCq-NPoQsxpkdu5n2-BF5TCw,https://yt3.ggpht.com/a-/AN66SAxjAf-2Um3OR2ISVqpVLdGtyq6gzRzjmDEdbw=s800-mo-c-c0xffffffff-rj-k-no
o,디바제시카DeevaJessica,UCh6O-aBKR-99dg4rPy69CXg,https://yt3.ggpht.com/a-/AN66SAy-qzE5N8OEOMaWVvOXMbKGPuRz5IOtROqz9Q=s800-mo-c-c0xffffffff-rj-k-no
o,재넌,UCem8l1w4OWhkqpoOg1SB4_w,https://yt3.ggpht.com/a-/AN66SAzCUyK0Q-tqMlAhSh59jHv1KPFjz33bi4PZXg=s800-mo-c-c0xffffffff-rj-k-no
o,GOD-TUK,UCc4pDO0Bo6qiFSe7mpVguhQ,https://yt3.ggpht.com/a-/AN66SAzRI1moL-mnGEPGJgM6bNKB-gyMRvMDpGXGew=s800-mo-c-c0xffffffff-rj-k-no
o,공대생 변승주,UChE5nZAIhWS5vYTRjsUgRpQ,https://yt3.ggpht.com/a-/AN66SAwZqFXiU6DMHtdZqsL_kZIxKjjrHwoG_h16=s800-mo-c-c0xffffffff-rj-k-no
o,The World of Dave데이브,UCqTVaBwm6FwVTt3oC77q9Mw,https://yt3.ggpht.com/a-/AN66SAy-jsox7qdYVYezp5DFN6aKcp-sQabZmZbLrw=s800-mo-c-c0xffffffff-rj-k-no
o,영국남자 Korean Englishman,UCg-p3lQIqmhh7gHpyaOmOiQ,https://yt3.ggpht.com/a-/AN66SAzB9gUX9Q_51uH3279VU744bFIsmpukinqRXw=s800-mo-c-c0xffffffff-rj-k-no
o,국가비GabieKook,UC47HAkQ6oZ-Hf5SVBGdvP6g,https://yt3.ggpht.com/a-/AN66SAxCfxSLQ4knw6Rw6hlD8tLskWaqDsjGkrorxw=s800-mo-c-c0xffffffff-rj-k-no
o,테스터훈 TesterHoon,UCUbOogiD-4PKDqaJfSOTC0g,https://yt3.ggpht.com/a-/AN66SAytQ4sUx6TzeQ_ta9v3raetRwWa9b8PjY3AsA=s800-mo-c-c0xffffffff-rj-k-no
o,말킥,UCsrbCXItyb8kPHFz3TVI5Vw,https://yt3.ggpht.com/a-/AN66SAyDm9F2dzzJTQHxpS-5jZYMfC-TQEg9qapRHg=s800-mo-c-c0xffffffff-rj-k-no
o,더블비,UCyCL5k8P1iUOc1EymhhMW1A,https://yt3.ggpht.com/a-/AN66SAx2a3RJXT-nMl1yu0U2N5WZ0UVT_1Tag2UoEw=s800-mo-c-c0xffffffff-rj-k-no
o,조재원,UC2o_y872S6YvaO1K8EYnoxg,https://yt3.ggpht.com/a-/AN66SAwkrL9XX92X8e7cy2h3Tq35Om17KL105vrH3w=s800-mo-c-c0xffffffff-rj-k-no
o,꽃보다유이,UCAgvvIOC5K6Vfcecr5y15hw,https://yt3.ggpht.com/a-/AN66SAz33xMy4siTRUEc2xNOKhP7QWV7v92pFgPWgg=s800-mo-c-c0xffffffff-rj-k-no
o,송대익,UCW_WhXrfK3uPgljcdjFbsbg,https://yt3.ggpht.com/a-/AN66SAydvWV2cYymAQqSdS8lVns7AiIm_wbox4pQfw=s800-mo-c-c0xffffffff-rj-k-no
o,허만두의 야무진 하루,UCErKqz88iwQfkBICK3I7ejw,https://yt3.ggpht.com/a-/AN66SAwrkQGJDcjm2yzV_VP-SrsiY_-yx5eVE_6ucQ=s800-mo-c-c0xffffffff-rj-k-no
o,레이디액션,UCt_UFhBBHk5rQPQv12Y7RHg,https://yt3.ggpht.com/a-/AN66SAzQ26a6mCNhSUR1Ny4gMgD0cvth4Xe60uiAlw=s800-mo-c-c0xffffffff-rj-k-no
o,외질혜 (OzilTube),UCWkG1bnN155y64Vq0VCh9Ng,https://yt3.ggpht.com/a-/AN66SAyGkKZNDvIwe7Z8tuwCzjBIzA2JgQ8xr7xdeg=s800-mo-c-c0xffffffff-rj-k-no
o,케이,UCIA-LPHNERP2MDUQpp2RVHg,https://yt3.ggpht.com/a-/AN66SAyLyJbRiDWLTsk8p8hNPS9gy52BwyyPm8qawg=s800-mo-c-c0xffffffff-rj-k-no
o,남순Namsoon,UC3W3kEmrLrRfec2qNrE6w4A,https://yt3.ggpht.com/a-/AN66SAwNwKU3wWw8m85iq5X2VCkM8tkB2yEmILwmpg=s800-mo-c-c0xffffffff-rj-k-no
o,(MUTUBE)와꾸대장봉준,UC69uMhRJcUnvMnMxKT2SS0w,https://yt3.ggpht.com/a-/AN66SAyAqFrBWOVwDjJLttMCjvgoLPfTJRu9JD2l9g=s800-mo-c-c0xffffffff-rj-k-no
o,사나이 김기훈,UC9nFMAQcn0bqIrEV9vUdU1g,https://yt3.ggpht.com/a-/AN66SAxfEQjh-Rb3W_4BnnvJ-Rzpaplx9uXh61MZIw=s800-mo-c-c0xffffffff-rj-k-no
